insert into public.Authorization (driverId, vehicleId) values (1, 1);
insert into public.Authorization (driverId, vehicleId) values (2, 2);
insert into public.Driver (id, userId, licenseNumber, licenseState) values (1, 1, 123456789012, 'IN');
insert into public.Driver (id, userId, licenseNumber, licenseState) values (2, 2, 423424294949, 'AZ');
insert into public.Drivers (driverId, rideId) values (1, 1);
insert into public.Drivers (driverId, rideId) values (2, 2);
insert into public.Location (id, name, address, city, state, zipCode) values (1, 'Alec''s House', '1388 State Route 261', 'Booneville', 'IN', 47601);
insert into public.Location (id, name, address, city, state, zipCode) values (2, 'Wood Shop', '2354 Lincoln Drive 345', 'Sandlewood', 'AZ', 58543);
insert into public.Location (id, name, address, city, state, zipCode) values (3, 'Store', '3444 Martin Luther King Jr. Blvd. 423', 'Monroe', 'NC', 28110);
insert into public.Passenger (passengerId, rideId) values (1, 1);
insert into public.Passenger (passengerId, rideId) values (2, 2);
insert into public.Ride (id, date, time, distance, fuelPrice, fee, vehicleId, fromLocationId, toLocationId) values (1, '2020-09-30', '04:50:00', 100, 4.5, 100.01, 1, 1, 1);
insert into public.Ride (id, date, time, distance, fuelPrice, fee, vehicleId, fromLocationId, toLocationId) values (2, '2020-08-12', '06:30:00', 1000, 10, 1000, 2, 1, 2);
insert into public.Ride (id, date, time, distance, fuelPrice, fee, vehicleId, fromLocationId, toLocationId) values (3, '2020-10-23', '06:55:00', 500, 4, 250, 3, 1, 3);
insert into public.State (abbreviation, name) values ('IN', 'Indiana');
insert into public.State (abbreviation, name) values ('AZ', 'Arizona');
insert into public.State (abbreviation, name) values ('CO', 'Colorado');
insert into public.State (abbreviation, name) values ('NC', 'North Carolina');
insert into public.User (id, firstName, lastName, email, password, phone, isAdmin) values (1, 'Alec', 'Houseman', 'alec_houseman@taylor.edu', 'LordBagel1', 8124700577, 'true');
insert into public.User (id, firstName, lastName, email, password, phone, isAdmin) values (2, 'Bob', 'White', 'bibwhate@gmail.com', 'bibblewhat2', 3213898333, 'false');
insert into public.User (id, firstName, lastName, email, password, phone, isAdmin) values (3, 'Jill', 'Jelly', 'jillyjelly@gmail.com', 'ggilly345', 4234232455, 'false');
insert into public.User (id, firstName, lastName, email, password, phone, isAdmin) values (4, 'Katey', 'Averill', 'kbaverill@gmail.com', 'password123', 7042907211, 'true');
insert into public.Vehicle (id, make, model, color, vehicleTypeId, capacity, mpg, licenseState, licensePlate) values (1, 'Honda', 'Accord', 'Blu', 1, 5, 45, 'IN', 123456);
insert into public.Vehicle (id, make, model, color, vehicleTypeId, capacity, mpg, licenseState, licensePlate) values (2, 'Honda ', 'Civic', 'Red', 2, 4, 10, 'AZ', 292283);
insert into public.Vehicle (id, make, model, color, vehicleTypeId, capacity, mpg, licenseState, licensePlate) values (3, 'Hyundai', 'Sonata', 'Red', 3, 5, 30, 'NC', 423423);
insert into public.VehicleType (id, type) values (1, 'Honda Accord');
insert into public.VehicleType (id, type) values (2, 'Honda Civic');
insert into public.VehicleType (id, type) values (3, 'Hyundai Sonata');
